PremiereDate;Title;Studio;KidsMovie;Rating;Genre;Copies;VisitorsOnPremiereWeekend;VisitorsOverall;ExpertsForacast
03.01.13;Jack Reacher;Paramount Pictures;no;16;ActionAdventure;489;232953;530581;207500
03.01.13;Silver Linings;Senator;no;12;Comedy;176;83801;316170;83500
03.01.13;The Sessions - Wenn Worte berühren;20th Century Fox;no;12;DramaArthouse;58;11978;40323;6495
10.01.13;Der Geschmack von Rost und Knochen;Wild Bunch;no;12;DramaArthouse;64;26161;167365;11025
10.01.13;Hannah Arendt;NFP;no;6;DramaArthouse;74;53769;426100;13765
10.01.13;Ritter Rost - Eisenhart und voll verbeult;Universum Film;yes;0;Family;465;98339;597848;104087
10.01.13;Schlussmacher;20th Century Fox;no;6;Comedy;450;457374;2481019;377500
17.01.13;Django Unchained;Sony Pictures Releasing;no;16;ActionAdventure;550;749735;4449354;
17.01.13;House at the End of the Street;Universum Film;no;16;Thriller;177;53520;145919;
17.01.13;Mavericks;Senator;no;6;ActionAdventure;83;3316;14892;
24.01.13;Flight;Studiocanal;no;12;DramaArthouse;342;144976;603978;159500
24.01.13;Frankenweenie;Walt Disney;yes;12;Animation;165;10901;38888;43250
24.01.13;Gangster Squad;Warner Bros.;no;16;Thriller;253;72630;254111;59250
24.01.13;Lincoln;20th Century Fox;no;12;DramaArthouse;160;66193;564823;68149
24.01.13;Movie 43;Constantin Film;no;16;Comedy;203;56529;171059;58250
24.01.13;Quartett;DCM;no;0;DramaArthouse;125;40910;343503;29750
31.01.13;Fünf Freunde 2;Constantin Film;yes;0;Family;446;208465;1090607;131287
31.01.13;Last Stand;Splendid;no;16;ActionAdventure;457;69039;132627;113250
31.01.13;The Impossible;Concorde;no;12;DramaArthouse;74;10252;37143;17012
31.01.13;Zero Dark Thirty;Universal Pictures;no;16;Thriller;296;63454;187671;72875
07.02.13;Cirque du Soleil: Traumwelten;Paramount Pictures;no;6;Fantasy;110;10932;47070;11712
07.02.13;Kokowääh 2;Warner Bros.;no;6;Comedy;690;514707;2729268;596250
07.02.13;Parker;Constantin Film;no;16;ActionAdventure;239;104599;310246;62212
14.02.13;Celeste + Jesse;DCM;no;0;Comedy;56;7540;22734;10060
14.02.13;Findet Nemo 3D;Walt Disney;yes;0;Animation;309;50739;157074;75750
14.02.13;Quellen des Lebens;Warner Bros.;no;12;DramaArthouse;84;22972;90461;14300
14.02.13;Stirb langsam - Ein guter Tag zum Sterben;20th Century Fox;no;16;ActionAdventure;660;527325;1547104;568333
21.02.13;Der Hypnotiseur;Prokino;no;16;Thriller;103;14244;43099;16077
21.02.13;Ghost Movie;Falcom;yes;16;TeenagerMovie;346;53948;112787;58825
21.02.13;Les Misérables;Universal Pictures;no;12;DramaArthouse;377;119770;564080;330964
21.02.13;The Master;Senator;no;12;DramaArthouse;64;13527;47429;18075
21.02.13;Warm Bodies;Concorde;yes;12;TeenagerMovie;304;80167;228416;132562
28.02.13;3096 Tage;Constantin Film;no;16;DramaArthouse;325;145476;541773;74600
28.02.13;Die Bestimmer - Kinder haften für ihre Eltern;20th Century Fox;yes;0;Family;394;74338;246561;64416
28.02.13;Get the Gringo;Concorde;no;18;ActionAdventure;17;1860;19453;6880
28.02.13;Gold - Du kannst mehr als Du denkst;Warner Bros.;no;0;DramaArthouse;53;5776;33455;9040
28.02.13;Hänsel und Gretel: Hexenjäger;Paramount Pictures;no;16;ActionAdventure;408;360916;1344688;266700
28.02.13;Hyde Park am Hudson;Tobis;no;0;DramaArthouse;65;13030;35371;9312
28.02.13;The Crime;Universum Film;no;16;ActionAdventure;98;4670;25691;12304
07.03.13;Die fantastische Welt von Oz;Walt Disney;yes;6;Family;548;273230;1134741;293350
07.03.13;Liebe und andere Turbulenzen;Warner Bros.;no;0;Comedy;102;7116;13193;15375
07.03.13;Nachtzug nach Lissabon;Concorde;no;12;DramaArthouse;179;86262;716815;58875
07.03.13;Safe Haven - Wie ein Licht in der Nacht;Senator;no;12;DramaArthouse;289;89670;450502;108307
07.03.13;Shootout - Keine Gnade;Constantin Film;no;16;ActionAdventure;227;45500;95253;40450
14.03.13;Der Mondmann;Neue Visionen;yes;0;Family;176;8349;46468;16916
14.03.13;Hai-Alarm am Müggelsee;Warner Bros.;no;12;Comedy;67;15122;94730;17973
14.03.13;Hitchcock;20th Century Fox;no;12;DramaArthouse;104;31625;159495;46042
14.03.13;Immer Ärger mit 40;Universal Pictures;no;12;Comedy;338;86539;295598;94833
14.03.13;Jack and the Giants;Warner Bros.;yes;12;Family;405;68751;178608;104400
14.03.13;Rubinrot;Concorde;yes;12;TeenagerMovie;450;113260;482263;254533
14.03.13;Song for Marion;Ascot Elite;no;0;DramaArthouse;77;11525;33014;13680
21.03.13;Der Nächste, bitte!;Universum Film;no;6;DramaArthouse;245;54823;205538;49200
21.03.13;Die Croods;20th Century Fox;yes;0;Animation;728;356978;2321170;310350
21.03.13;Ein Mordsteam;Senator;no;12;DramaArthouse;208;65448;274890;74525
21.03.13;Kon-Tiki;DCM;no;12;DramaArthouse;96;17098;103664;16750
21.03.13;Ostwind;Constantin Film;yes;0;Family;393;87103;820121;104675
21.03.13;Spring Breakers;Wild Bunch;no;16;ActionAdventure;128;38513;164855;36900
21.03.13;The Best Offer - Das höchste Gebot;Warner Bros.;no;6;DramaArthouse;53;6538;26009;3700
28.03.13;G.I. Joe 3D: Die Abrechnung;Paramount Pictures;no;16;ActionAdventure;461;313930;800999;260650
28.03.13;Heute bin ich blond;Universum Film;no;6;DramaArthouse;134;24636;119827;33075
28.03.13;Mitternachtskinder;Concorde;no;12;DramaArthouse;40;8309;33217;10150
28.03.13;Voll abgezockt;Universal Pictures;no;12;Comedy;415;175152;579333;141500
04.04.13;Beautiful Creatures - Eine unsterbliche Liebe;Concorde;yes;12;TeenagerMovie;312;38973;83519;76000
04.04.13;Dead Man Down;Wild Bunch;no;16;Thriller;139;24993;70610;19662
04.04.13;Der unglaubliche Burt Wonderstone;Warner Bros.;no;12;Comedy;155;21180;32254;26170
11.04.13;Das Wochenende;Universum Film;no;12;DramaArthouse;80;16686;60369;16744
11.04.13;Ginger & Rosa;Concorde;no;12;DramaArthouse;55;4796;13920;8869
11.04.13;Kiss the Coach;Splendid;no;0;Comedy;152;15581;41445;29166
11.04.13;Mademoiselle Populaire;Studiocanal;no;0;DramaArthouse;70;12227;53088;13608
11.04.13;Oblivion;Universal Pictures;no;12;ActionAdventure;600;242350;843425;282500
11.04.13;Thor - Ein hammermäßiges Abenteuer;Koch Media;yes;6;Family;368;9639;46337;33392
18.04.13;Broken City;Universum Film;no;12;Thriller;175;29744;92173;35074
18.04.13;Das hält kein Jahr...!;Studiocanal;no;12;Comedy;317;104944;542304;102296
18.04.13;Das Leben ist nichts für Feiglinge;Warner Bros.;no;12;DramaArthouse;90;25881;273975;23016
18.04.13;Mama;Universal Pictures;no;16;Horror;328;140026;571518;92370
18.04.13;Unterwegs mit Mum;Paramount Pictures;no;0;Comedy;101;9231;30478;17460
25.04.13;Scary Movie 5;Constantin Film;yes;12;TeenagerMovie;438;251867;790931;245800
25.04.13;Side Effects;Senator;no;12;Thriller;139;48772;237877;44664
01.05.13;Iron Man 3;Concorde;no;12;ActionAdventure;618;516185;1907885;
02.05.13;Charlies Welt - Wirklich nichts ist wirklich;Koch Media;no;0;Comedy;66;1162;11760;6900
02.05.13;Ohne Gnade!;Senator;no;16;Comedy;65;1913;5139;5445
02.05.13;Passion;Ascot Elite;no;16;Thriller;39;2604;17730;6537
02.05.13;Saiten des Lebens;Senator;no;6;DramaArthouse;65;8219;49371;14235
09.05.13;Hanni & Nanni 3;Universal Pictures;yes;0;Family;460;201173;855765;153040
09.05.13;No Place on Earth - Kein Platz zum Leben;Senator;no;12;DramaArthouse;10;233;780;1900
09.05.13;Schimpansen;Walt Disney;yes;0;Family;108;21359;63936;19050
09.05.13;Star Trek Into Darkness;Paramount Pictures;no;12;ActionAdventure;627;446915;1514029;431798
09.05.13;Stoker - Die Unschuld endet;20th Century Fox;no;16;Thriller;50;10783;53055;10769
16.05.13;Der große Gatsby (3D);Warner Bros.;no;12;DramaArthouse;562;262930;1307893;300520
16.05.13;Epic - Verborgenes Königreich;20th Century Fox;yes;6;Family;671;164475;1099879;307500
16.05.13;Evil Dead;Sony Pictures Releasing;no;18;Horror;254;235798;647851;120040
23.05.13;5 Jahre Leben;Zorro;no;12;DramaArthouse;31;2481;7288;5093
23.05.13;Das Märchen von der Prinzessin, die unbedingt in einem Märchen vorkommen wollte;Summiteer Films;yes;0;Family;74;5952;19637;6733
23.05.13;Der Dieb der Worte;Wild Bunch;no;6;DramaArthouse;50;5090;22868;5273
23.05.13;Fast & Furious 6;Universal Pictures;no;12;ActionAdventure;636;802164;2862062;663333
23.05.13;Jeder hat einen Plan;20th Century Fox;no;16;DramaArthouse;50;1725;1725;4413
23.05.13;Mutter & Sohn;X Verleih;no;12;DramaArthouse;54;8829;33409;15370
30.05.13;Hangover 3;Warner Bros.;no;12;Comedy;668;1272619;3093212;861958
30.05.13;The Big Wedding;Concorde;no;12;Comedy;304;46887;115365;79950
30.05.13;To the Wonder;Studiocanal;no;0;DramaArthouse;36;6375;14515;6300
06.06.13;After Earth;Sony Pictures Releasing;no;12;ActionAdventure;572;176769;551408;246450
06.06.13;Before Midnight;Prokino;no;6;DramaArthouse;83;13719;100939;35200
06.06.13;Das wundersame Leben von Timothy Green;Walt Disney;no;6;DramaArthouse;53;1669;3202;6349
06.06.13;Der letzte Exorzismus - The Next Chapter;Studiocanal;no;16;Horror;2;57;57;4117
06.06.13;Snitch - Ein riskanter Deal;Tobis;no;12;ActionAdventure;178;24354;70662;51450
13.06.13;Olympus Has Fallen - Die Welt in Gefahr;Universum Film;no;16;ActionAdventure;223;45237;139304;67400
13.06.13;Seelen;Concorde;yes;12;TeenagerMovie;347;65927;96176;184333
13.06.13;The Place Beyond the Pines;Studiocanal;no;12;DramaArthouse;252;52256;254988;89276
13.06.13;The Purge - Die Säuberung;Universal Pictures;no;16;Horror;264;80454;296674;90333
20.06.13;Die Monster Uni;Walt Disney;yes;0;Animation;610;337363;1377325;377759
20.06.13;Gambit - Der Masterplan;Concorde;no;0;Comedy;187;15937;66187;32250
20.06.13;Man of Steel (3D);Warner Bros.;no;12;ActionAdventure;563;257043;754612;271018
20.06.13;Promised Land;Universal Pictures;no;6;DramaArthouse;62;6433;36113;7129
20.06.13;The Sapphires;Senator;no;6;DramaArthouse;50;1764;13685;4285
27.06.13;Jets - Helden der Lüfte;Splendid;yes;0;Family;305;12536;22120;10616
27.06.13;The Grandmaster;Wild Bunch;no;12;ActionAdventure;106;14350;35525;8950
27.06.13;World War Z;Paramount Pictures;no;16;ActionAdventure;568;504815;1376392;417666
04.07.13;Fliegende Liebende;Tobis;no;16;DramaArthouse;79;12492;54417;21232
04.07.13;Ich - Einfach Unverbesserlich 2 (3D);Universal Pictures;yes;0;Animation;697;521051;3670564;749687
04.07.13;Taffe Mädels;20th Century Fox;no;12;Comedy;479;117183;549044;181750
11.07.13;Das Glück der großen Dinge;Neue Visionen;no;12;DramaArthouse;46;4566;19057;5115
11.07.13;Die Unfassbaren - Now You See Me;Concorde;no;12;Thriller;402;112332;500786;123695
11.07.13;Systemfehler - Wenn Inge tanzt;Splendid;yes;6;TeenagerMovie;349;22530;93231;67645
11.07.13;The Call - Leg nicht auf!;Universum Film;no;16;Thriller;216;31902;97489;44550
11.07.13;We Steal Secrets: The Story of WikiLeaks;Universal Pictures;no;12;DramaArthouse;38;2024;5331;5090
18.07.13;Kindsköpfe 2;Sony Pictures Releasing;no;6;Comedy;586;233396;1415008;391750
18.07.13;Only God Forgives;Tiberius Film;no;16;ActionAdventure;121;16318;59257;31900
18.07.13;Pacific Rim;Warner Bros.;no;12;ActionAdventure;498;141900;501342;225000
18.07.13;Paulette;Neue Visionen;no;12;DramaArthouse;97;25692;592358;18066
18.07.13;The East;20th Century Fox;no;12;Thriller;50;2363;15121;3526
25.07.13;21 and Over;Falcom;yes;12;TeenagerMovie;80;11791;54440;9152
25.07.13;Drei Stunden;NFP;no;0;DramaArthouse;64;3075;15360;4237
25.07.13;La Grande Bellezza;DCM;no;12;DramaArthouse;58;11263;106163;7195
25.07.13;The Company You Keep - Die Akte Grant;Concorde;no;6;Thriller;174;22291;122188;19250
25.07.13;WOLVERINE: Weg des Kriegers;20th Century Fox;no;12;ActionAdventure;599;223448;890306;254625
01.08.13;Conjuring - Die Heimsuchung;Warner Bros.;no;16;Horror;228;84362;450134;78050
01.08.13;Dampfnudelblues;Constantin Film;no;12;DramaArthouse;97;35403;509960;28825
01.08.13;Die Möbius Affäre;Prokino;no;12;DramaArthouse;48;4312;24184;4425
01.08.13;Die Schlümpfe 2;Sony Pictures Releasing;yes;0;Animation;678;317058;2510187;321500
08.08.13;42;Warner Bros.;no;0;DramaArthouse;54;1383;5987;
08.08.13;Das ist das Ende;Sony Pictures Releasing;no;16;Comedy;295;97485;299812;
08.08.13;Lone Ranger;Walt Disney;no;12;ActionAdventure;657;316123;1000767;
08.08.13;Trance - Gefährliche Erinnerung;20th Century Fox;no;16;Thriller;158;16718;50939;
15.08.13;Elysium;Sony Pictures Releasing;no;16;ActionAdventure;531;266733;988801;231480
15.08.13;Grossstadtklein;Warner Bros.;yes;6;TeenagerMovie;115;10036;22930;19260
15.08.13;KICK-ASS 2;Universal Pictures;no;18;ActionAdventure;306;42710;110155;77040
15.08.13;Percy Jackson: Im Bann des Zyklopen;20th Century Fox;yes;12;Fantasy;576;161553;557124;189464
15.08.13;The Bling Ring;Tobis;no;12;DramaArthouse;52;21996;137054;27700
22.08.13;Feuchtgebiete;Majestic (Fox);no;16;Comedy;268;197488;937647;114325
22.08.13;Mr. Morgan's Last Love;Senator;no;0;DramaArthouse;66;22576;178450;23290
22.08.13;Pain & Gain;Paramount Pictures;no;16;ActionAdventure;430;209645;600614;179875
22.08.13;Upside Down (3D);Concorde;no;6;DramaArthouse;70;4773;14198;9613
29.08.13;Chroniken der Unterwelt - City of Bones;Constantin Film;yes;12;TeenagerMovie;496;154901;529906;199333
29.08.13;Hasta la vista, Sister!;Warner Bros.;no;6;DramaArthouse;57;3962;14117;5173
29.08.13;Planes;Walt Disney;yes;0;Animation;558;194346;815602;184666
29.08.13;Portugal mon amour;Prokino;no;0;DramaArthouse;62;17108;92061;9836
29.08.13;R.I.P.D. (3D);Universal Pictures;no;12;Comedy;307;72530;190637;80833
29.08.13;Wir sind die Millers;Warner Bros.;no;12;Comedy;427;220433;1269524;192999
05.09.13;Geld her oder Autsch'n!;Universum Film;no;12;Comedy;139;11901;25044;40940
05.09.13;Jurassic Park 3D;Universal Pictures;no;6;ActionAdventure;50;4944;15451;10275
05.09.13;König von Deutschland;Zorro;no;0;Comedy;92;6754;32067;15010
05.09.13;Vijay und ich - Meine Frau geht fremd mit mir;Senator;no;6;Comedy;55;1898;10348;6269
05.09.13;Voll und Ganz und Mittendrin;Senator;no;6;DramaArthouse;30;511;1784;4393
05.09.13;White House Down;Sony Pictures Releasing;no;12;ActionAdventure;590;258790;1196305;282965
12.09.13;Da geht noch was;Constantin Film;no;6;Comedy;286;101532;485521;94000
12.09.13;Michael Kohlhaas;polyband;no;12;DramaArthouse;69;12688;42025;19866
12.09.13;One Direction: This Is Us (3D);Sony Pictures Releasing;yes;0;TeenagerMovie;230;23092;64259;25166
12.09.13;R.E.D. 2;Concorde;no;16;ActionAdventure;532;127472;436505;243666
12.09.13;The World's End;Universal Pictures;no;12;Comedy;240;41698;126031;83933
12.09.13;Ummah - Unter Freunden;Senator;no;12;DramaArthouse;45;5454;17560;5853
19.09.13;Die schönen Tage;Wild Bunch;no;0;DramaArthouse;47;13198;67999;5558
19.09.13;Paranoia - Riskantes Spiel;Studiocanal;no;12;Thriller;151;24861;47858;20040
19.09.13;Riddick;Universum Film;no;16;ActionAdventure;387;108795;321273;179666
19.09.13;Zum Geburtstag;Warner Bros.;no;12;DramaArthouse;46;4386;13482;4052
19.09.13;Zwei Leben;Farbfilm;no;12;DramaArthouse;55;19369;114647;19366
26.09.13;2 Guns;Sony Pictures Releasing;no;16;ActionAdventure;528;137107;562973;176000
26.09.13;Albert Nobbs;Pandastorm;no;12;DramaArthouse;9;803;2400;2622
26.09.13;Der Geschmack von Apfelkernen;Concorde;no;12;DramaArthouse;178;25307;142535;38832
26.09.13;Keinohrhase und Zweiohrküken;Warner Bros.;yes;0;Family;576;44515;303775;154504
26.09.13;Prakti.com;20th Century Fox;no;6;Comedy;353;63683;202641;84400
26.09.13;V8 - Du willst der Beste sein;Universal Pictures;yes;0;Family;492;33420;197909;90664
03.10.13;Der Schaum der Tage;Studiocanal;no;12;DramaArthouse;71;15808;58408;7025
03.10.13;Die andere Heimat - Chronik einer Sehnsucht;Concorde;no;6;DramaArthouse;59;16272;118901;5217
03.10.13;Gravity;Warner Bros.;no;12;ActionAdventure;569;264825;1339775;273250
03.10.13;Liberace;DCM;no;12;DramaArthouse;119;48154;204974;30075
03.10.13;Metallica - Through the Never;Ascot Elite;no;16;DramaArthouse;103;15225;47699;19362
03.10.13;Rush - Alles für den Sieg;Universum Film;no;12;ActionAdventure;432;142090;536646;124400
03.10.13;Turbo - Kleine Schnecke, großer Traum;20th Century Fox;yes;0;Animation;681;265367;1162976;298112
10.10.13;00 Schneider - Im Wendekreis der Eidechse;Senator;no;6;Comedy;173;33202;109390;47965
10.10.13;African Safari 3D;Studiocanal;no;0;DramaArthouse;171;20906;103662;16340
10.10.13;Der Butler;Prokino;no;12;DramaArthouse;147;52323;295746;41385
10.10.13;Prisoners;Tobis;no;16;Thriller;254;113199;439364;92525
10.10.13;Sein letztes Rennen;Universum Film;no;6;DramaArthouse;209;63958;365380;93378
10.10.13;Spieltrieb;Concorde;yes;12;TeenagerMovie;170;12435;24440;14950
17.10.13;Alles eine Frage der Zeit;Universal Pictures;no;0;Comedy;335;52281;195680;62867
17.10.13;Drecksau;Ascot Elite;no;16;DramaArthouse;115;13574;60116;19150
17.10.13;Frau Ella;Warner Bros.;no;0;Comedy;583;218659;1202197;283208
17.10.13;Insidious: Chapter 2;Sony Pictures Releasing;no;16;Horror;263;104106;342670;116383
17.10.13;Runner Runner;20th Century Fox;no;12;Thriller;347;90822;256751;90217
24.10.13;Der fast perfekte Mann;Warner Bros.;no;6;Comedy;52;1309;12215;4856
24.10.13;Ender's Game;Constantin Film;no;12;ActionAdventure;409;73116;165212;102660
24.10.13;Exit Marrakech;Studiocanal;no;6;DramaArthouse;176;58759;341275;31780
24.10.13;Jackass: Bad Grandpa;Paramount Pictures;no;12;Comedy;285;267025;890616;157460
24.10.13;Wolkig mit Aussicht auf Fleischbällchen 2;Sony Pictures Releasing;yes;0;Animation;632;246616;1116015;245100
31.10.13;Der Teufelsgeiger;Universum Film;no;6;DramaArthouse;243;70893;296378;
31.10.13;Inside Wikileaks - Die fünfte Gewalt;Constantin Film;no;12;DramaArthouse;261;44897;84253;
31.10.13;Thor - The Dark Kingdom;Walt Disney;no;12;ActionAdventure;620;567116;1424758;
07.11.13;Blue Jasmine;Warner Bros.;no;6;DramaArthouse;136;89025;483916;46500
07.11.13;Das kleine Gespenst;Universum Film;yes;0;Family;423;138220;908109;143250
07.11.13;Fack Ju Göhte;Constantin Film;yes;12;Comedy;518;871911;7083278;482500
07.11.13;Im weißen Rössl - Wehe du singst!;Senator;no;6;Comedy;98;6292;16542;13180
07.11.13;You're next;Splendid;no;18;Horror;142;25983;82405;22330
14.11.13;Captain Phillips;Sony Pictures Releasing;no;12;DramaArthouse;380;127063;386286;116368
14.11.13;Don Jon;Ascot Elite;no;16;DramaArthouse;182;30409;74645;44132
14.11.13;Eltern;DCM;no;0;DramaArthouse;52;10776;56277;11658
14.11.13;Escape Plan;Concorde;no;16;ActionAdventure;366;82130;233691;74808
14.11.13;Last Vegas;Universal Pictures;no;0;Comedy;352;94116;268019;105460
20.11.13;Aschenbrödel und der gestiefelte Kater;Märchenfilm;yes;0;Family;143;10197;56924;17818
21.11.13;Der Mohnblumenberg;Universum Film;yes;0;Animation;42;1558;3081;3708
21.11.13;Die Tribute von Panem - Catching Fire;Studiocanal;yes;12;TeenagerMovie;651;1079495;3714366;904860
21.11.13;Getaway;Wild Bunch;no;12;ActionAdventure;150;3822;17815;18880
21.11.13;Malavita - The Family;Universum Film;no;16;ActionAdventure;285;42240;111300;57218
21.11.13;Venus im Pelz;Prokino;no;16;DramaArthouse;79;17206;62079;9768
28.11.13;Am Hang;Arsenal (Central);no;12;DramaArthouse;47;4289;20823;5163
28.11.13;Battle of the Year;Sony Pictures Releasing;yes;0;TeenagerMovie;200;22737;58761;36500
28.11.13;Die Eiskönigin - Völlig unverfroren;Walt Disney;yes;0;Animation;629;572115;4669838;377000
28.11.13;Tage am Strand;Concorde;no;12;DramaArthouse;83;5025;15073;8600
28.11.13;The Counselor;20th Century Fox;no;16;Thriller;259;80536;297317;70025
05.12.13;Carrie;Sony Pictures Releasing;no;16;Horror;296;82067;320006;98564
05.12.13;Der Lieferheld - Unverhofft kommt oft;Constantin Film;no;0;Comedy;255;29441;61734;29660
05.12.13;Ganz weit hinten;20th Century Fox;no;0;DramaArthouse;54;2013;24872;3448
05.12.13;Inside Llewyn Davis;Studiocanal;no;6;DramaArthouse;74;44278;299759;31904
05.12.13;Oldboy;Universal Pictures;no;16;ActionAdventure;84;8622;35061;13912
12.12.13;Der Hobbit: Smaugs Einöde;Warner Bros.;no;12;Fantasy;874;1259086;6005781;1084000
12.12.13;Die Frau die sich traut;Warner Bros.;no;6;DramaArthouse;51;5525;24926;6148
19.12.13;Belle & Sebastian;Ascot Elite;yes;0;Family;143;10823;84543;12244
19.12.13;Dinosaurier 3D - Im Reich der Giganten;Constantin Film;yes;6;Family;453;48889;287983;82840
19.12.13;Genug gesagt;20th Century Fox;no;6;DramaArthouse;55;9537;66123;6696
19.12.13;Machete Kills;Universum Film;no;16;ActionAdventure;271;53664;193195;62980
25.12.13;Buddy;Warner Bros.;no;6;Comedy;557;261410;738182;
25.12.13;Der Medicus;Universal Pictures;no;12;DramaArthouse;630;714020;3522092;
25.12.13;Only Lovers Left Alive;Pandora;no;12;DramaArthouse;87;35155;173166;
01.01.14;Das erstaunliche Leben des Walter Mitty;20th Century Fox;no;6;DramaArthouse;576;254437;712142;289000
02.01.14;Paranormal Activity - Die Gezeichneten;Paramount Pictures;no;16;Horror;283;241016;514235;147150
02.01.14;StreetDance Kids - Gemeinsam sind wir Stars;Universum Film;yes;0;Family;273;56127;138045;29300
09.01.14;All Is Lost;Universum Film;no;6;DramaArthouse;125;44023;207299;19925
09.01.14;Diana;Concorde;no;0;DramaArthouse;154;16904;50380;41900
09.01.14;Die Pute von Panem;Wild Bunch;no;12;TeenagerMovie;275;63112;154052;123825
09.01.14;Zwei vom alten Schlag;Warner Bros.;no;12;Comedy;345;72426;129366;118800
16.01.14;12 Years A Slave;Tobis;no;12;DramaArthouse;91;68824;692115;50790
16.01.14;Fünf Freunde 3;Constantin Film;yes;0;Family;495;227008;1182596;211720
16.01.14;Nebraska;Paramount Pictures;no;6;DramaArthouse;103;11892;44322;18662
16.01.14;Nicht mein Tag;Sony Pictures Releasing;no;12;Comedy;408;184710;660251;136910
16.01.14;The Wolf of Wall Street;Universal Pictures;no;16;DramaArthouse;502;511652;2371917;365520
23.01.14;Der blinde Fleck;Ascot Elite;no;12;DramaArthouse;44;7196;36726;5533
23.01.14;Erbarmen;Warner Bros.;no;16;DramaArthouse;159;46191;206598;31963
23.01.14;Homefront;Universum Film;no;16;ActionAdventure;238;71083;243066;51800
23.01.14;I, Frankenstein;Splendid;no;12;Fantasy;361;88348;184509;108325
30.01.14;47 Ronin;Universal Pictures;no;12;ActionAdventure;442;133322;351917;172175
30.01.14;Anchorman - Die Legende kehrt zurück;Paramount Pictures;no;6;Comedy;196;29331;73595;38975
30.01.14;Kill Your Darlings;Koch Media;no;16;DramaArthouse;40;3963;17815;5500
30.01.14;Le passé - Das Vergangene;Camino;no;12;DramaArthouse;49;16742;85756;10388
30.01.14;Le weekend;Prokino;no;0;DramaArthouse;67;20583;100820;11375
30.01.14;Mandela: Der lange Weg zur Freiheit;Senator;no;12;DramaArthouse;207;48164;214885;80060
06.02.14;Dallas Buyers Club;Ascot Elite;no;12;DramaArthouse;97;31172;185280;40939
06.02.14;Free Birds;Senator;yes;6;Animation;425;118795;444690;76360
06.02.14;Robocop;Studiocanal;no;12;ActionAdventure;472;179928;477152;181840
06.02.14;Und Äktschn!;Majestic (Fox);no;6;Comedy;69;18422;70944;6580
06.02.14;Vaterfreuden;Warner Bros.;no;6;Comedy;644;482788;2328116;544060
13.02.14;American Hustle;Tobis;no;6;DramaArthouse;300;174246;631462;189700
13.02.14;Das finstere Tal;Warner Bros.;no;12;DramaArthouse;109;18744;103133;16341
13.02.14;Lovely Louise;Camino;no;0;DramaArthouse;25;1404;3731;2980
13.02.14;Madame empfiehlt sich;Wild Bunch;no;6;DramaArthouse;55;12896;51360;7616
13.02.14;Und morgen Mittag bin ich tot;Universum Film;no;12;DramaArthouse;20;1105;6750;3168
13.02.14;Winter's Tale;Warner Bros.;no;12;DramaArthouse;352;76895;158302;111300
20.02.14;Monuments Men;20th Century Fox;no;12;DramaArthouse;494;182233;593006;231000
20.02.14;Nymph()maniac 1;Concorde;no;16;DramaArthouse;105;30141;143163;42620
20.02.14;Stromberg - Der Film;Warner Bros.;no;12;Comedy;390;261941;1320221;264540
20.02.14;Tarzan;Constantin Film;yes;6;Animation;473;76397;266867;95240
27.02.14;Die Abenteuer von Mr. Peabody & Sherman;20th Century Fox;yes;0;Animation;661;214801;865604;164855
27.02.14;Jack Ryan: Shadow Recruit;Paramount Pictures;no;12;ActionAdventure;403;83811;220951;125150
27.02.14;Philomena;Universum Film;no;6;DramaArthouse;125;63365;357620;31290
27.02.14;Pompeii;Constantin Film;no;12;ActionAdventure;444;94650;248240;141490
06.03.14;300: Rise of an Empire;Warner Bros.;no;18;ActionAdventure;580;327045;992204;378900
06.03.14;Alles inklusive;Constantin Film;no;12;DramaArthouse;120;19975;89712;44640
06.03.14;Bibi & Tina - Der Film;DCM;yes;0;Family;480;127396;1160389;139490
06.03.14;Grand Budapest Hotel;20th Century Fox;no;12;DramaArthouse;128;95616;1006188;69528
06.03.14;Im August in Osage County;Tobis;no;12;DramaArthouse;114;32325;160314;32890
06.03.14;Saving Mr. Banks;Walt Disney;no;0;DramaArthouse;119;14217;52979;28766
13.03.14;Die Bücherdiebin;20th Century Fox;no;6;DramaArthouse;195;42615;199929;88840
13.03.14;Man of Tai Chi;Universal Pictures;no;16;ActionAdventure;50;3401;16277;6727
13.03.14;Non-Stop;Studiocanal;no;12;ActionAdventure;500;320704;1171155;238440
13.03.14;Pettersson & Findus - Kleiner Quälgeist, große Freundschaft;Senator;yes;0;Family;476;157568;616325;109334
13.03.14;Vampire Academy;Universum Film;yes;12;TeenagerMovie;229;33317;77588;31286
13.03.14;Veronica Mars;Warner Bros.;no;12;DramaArthouse;51;3528;7282;8674
20.03.14;Der Hundertjährige, der aus dem Fenster stieg und verschwand;Concorde;no;12;DramaArthouse;200;138228;1180159;168055
20.03.14;Die Dinos sind los;Koch Media;yes;6;Family;111;6445;11485;4747
20.03.14;Kreuzweg;Camino;no;12;DramaArthouse;48;3704;13232;6025
20.03.14;Lone Survivor;Universum Film;no;16;ActionAdventure;250;40803;101545;37175
20.03.14;Need for Speed;Constantin Film;no;12;ActionAdventure;455;191740;499136;209825
27.03.14;Banklady;Studiocanal;no;12;DramaArthouse;87;4825;17174;
27.03.14;Endless Love;Universal Pictures;yes;6;TeenagerMovie;183;27636;94328;
27.03.14;Her - A Spike Jonze Love Story;Warner Bros.;no;12;DramaArthouse;62;20871;138830;
27.03.14;The Return of the First Avenger;Walt Disney;no;12;ActionAdventure;626;232532;818576;
27.03.14;Westen;Senator;no;12;DramaArthouse;44;4416;17640;
27.03.14;Zwischen Welten;Majestic (Fox);no;12;DramaArthouse;59;2918;16233;
03.04.14;A Long Way Down;DCM;no;6;DramaArthouse;235;56070;278893;57700
03.04.14;Auge um Auge;Tobis;no;16;DramaArthouse;68;13166;39877;10685
03.04.14;Noah;Paramount Pictures;no;12;ActionAdventure;502;212051;804223;268775
03.04.14;Nymph()maniac 2;Concorde;no;16;DramaArthouse;95;13149;55253;28520
03.04.14;Rio 2 - Dschungelfieber;20th Century Fox;yes;0;Animation;686;283852;1732962;316020
03.04.14;Snowpiercer;MFA+ Filmdistribution;no;16;ActionAdventure;88;12640;58906;17280
10.04.14;Die Bestimmung - Divergent;Concorde;yes;12;TeenagerMovie;517;145907;634388;194020
10.04.14;Die Poetin;Pandastorm;no;6;DramaArthouse;19;1188;8696;2600
10.04.14;Sabotage;Splendid;no;18;ActionAdventure;201;18914;68521;34060
10.04.14;Spuren;Ascot Elite;no;6;DramaArthouse;80;14166;86101;16978
10.04.14;Super-Hypochonder;Prokino;no;6;DramaArthouse;300;56412;238023;77315
10.04.14;The Lego Movie (3D);Warner Bros.;no;0;Family;656;252867;1294737;318940
17.04.14;Die schwarzen Brüder;Studiocanal;yes;6;Family;46;1506;9214;
17.04.14;Dom Hemingway;20th Century Fox;no;16;DramaArthouse;51;3022;14273;
17.04.14;The Amazing Spider-Man 2: Rise of Electro;Sony Pictures Releasing;no;12;ActionAdventure;645;372768;1107772;
17.04.14;Yves Saint Laurent;Universum Film;no;12;DramaArthouse;95;24474;132684;
24.04.14;Für immer Single;Universum Film;no;12;Comedy;261;78387;204248;
24.04.14;Irre sind männlich;Constantin Film;no;12;Comedy;302;65628;194781;
24.04.14;Miss Sixty;Senator;no;6;DramaArthouse;137;18052;95948;
24.04.14;Ride Along;Universal Pictures;no;12;Comedy;312;84709;242225;
24.04.14;Transcendence;Tobis;no;12;Thriller;406;109845;391737;
01.05.14;Beziehungsweise New York;Studiocanal;no;6;Comedy;78;25082;90724;
01.05.14;Die Schadenfreundinnen;20th Century Fox;no;6;Comedy;513;344534;1166834;
01.05.14;Die Schöne und das Biest;Concorde;no;6;DramaArthouse;250;46612;106872;
01.05.14;Muppets Most Wanted;Walt Disney;yes;0;Family;396;66396;165464;
01.05.14;The Legend of Hercules;Splendid;no;12;ActionAdventure;251;24894;49893;
08.05.14;3 Days to Kill;Universum Film;no;12;ActionAdventure;268;41183;113714;
08.05.14;Bad Neighbors;Universal Pictures;no;12;Comedy;530;482848;1698443;
08.05.14;Devil's Due - Teufelsbrut;20th Century Fox;no;16;Horror;54;8196;11207;
08.05.14;Labor Day;Paramount Pictures;no;6;DramaArthouse;103;12621;48496;
08.05.14;Zulu;Studio Hamburg;no;18;Thriller;126;17164;68499;
15.05.14;Godzilla;Warner Bros.;no;12;ActionAdventure;584;345158;953307;413000
15.05.14;Grace of Monaco;Universum Film;no;0;DramaArthouse;214;22215;64854;37550
15.05.14;Liebe im Gepäck;20th Century Fox;no;0;Comedy;50;741;1656;3203
15.05.14;Stereo;Wild Bunch;no;16;DramaArthouse;135;19224;87630;25275
22.05.14;Das magische Haus;Studiocanal;yes;0;Animation;525;58418;623585;86750
22.05.14;Enemy;Capelight;no;12;Thriller;38;4046;26372;6250
22.05.14;One Chance - Einmal im Leben;Concorde;no;6;DramaArthouse;133;4976;32342;11840
22.05.14;Urlaubsreif;Warner Bros.;no;0;Comedy;350;62718;270289;89375
22.05.14;Words and Pictures;Senator;no;0;DramaArthouse;67;7672;49745;8775
22.05.14;X-Men: Zukunft ist Vergangenheit;20th Century Fox;no;12;ActionAdventure;579;276120;1149976;397500
29.05.14;A Million Ways to Die in the West;Universal Pictures;no;12;Comedy;597;236807;801735;247625
29.05.14;Die zwei Gesichter des Januars;Studiocanal;no;12;DramaArthouse;93;30978;100460;10880
29.05.14;Edge of Tomorrow;Warner Bros.;no;12;ActionAdventure;521;137668;486195;162065
29.05.14;Maleficent - Die dunkle Fee;Walt Disney;yes;6;Family;525;359239;1449504;283050
29.05.14;Nix wie weg - vom Planeten Erde;Splendid;yes;0;Animation;306;24173;58224;19800
05.06.14;Boyhood;Universal Pictures;no;6;DramaArthouse;85;21640;294139;21044
05.06.14;Brick Mansions;Universum Film;no;12;ActionAdventure;215;37652;194709;30304
05.06.14;Maman und Ich;Concorde;no;12;Comedy;65;4881;30832;8392
12.06.14;Das Schicksal ist ein mieser Verräter;20th Century Fox;yes;6;TeenagerMovie;351;149209;1142389;168433
12.06.14;Tinkerbell und die Piratenfee;Walt Disney;yes;0;Animation;445;102341;810613;116066
19.06.14;About Last Night;Sony Pictures Releasing;no;12;Comedy;128;7741;24505;8856
19.06.14;Cuban Fury - Echte Männer tanzen;Studiocanal;no;6;Comedy;76;4243;23042;6420
19.06.14;No Turning Back - Locke;Studiocanal;no;0;Thriller;43;6398;33478;6604
19.06.14;Wolf Creek 2;KSM GmbH;no;18;Horror;58;6646;19730;7017
26.06.14;Beste Chance;Majestic (Fox);no;6;Comedy;88;19937;101256;28372
26.06.14;Mädelsabend;Universum Film;no;12;Comedy;217;51828;189569;59376
03.07.14;Die Mamba;Senator;no;12;Comedy;21;644;1934;
03.07.14;Eine ganz ruhige Kugel;Universum Film;no;6;DramaArthouse;81;2668;15303;
03.07.14;Jack und das Kuckucksuhrherz;Universum Film;yes;6;Family;32;765;4668;
03.07.14;Tammy - Voll abgefahren;Warner Bros.;no;12;Comedy;350;119548;684798;
03.07.14;Wüstentänzer - Afshins verbotener Traum von Freiheit;Senator;no;12;DramaArthouse;51;2714;17452;
10.07.14;Die große Versuchung - Lügen, bis der Arzt kommt;Wild Bunch;no;0;DramaArthouse;56;5012;21275;
10.07.14;Die Karte meiner Träume;DCM;no;0;DramaArthouse;173;32773;157903;
10.07.14;Rico, Oskar und die Tieferschatten;20th Century Fox;yes;0;Family;444;84302;799025;
17.07.14;Transformers: Ära des Untergangs;Paramount Pictures;no;12;ActionAdventure;645;696764;2507462;
17.07.14;Wie der Wind sich hebt;Universum Film;yes;6;Family;75;13030;49769;
17.07.14;Wir sind die Neuen;Warner Bros.;no;0;DramaArthouse;230;46620;876973;
24.07.14;Drachenzähmen leicht gemacht 2;20th Century Fox;yes;6;Animation;695;483762;2721046;533250
24.07.14;Monsieur Claude und seine Töchter;Neue Visionen;no;0;DramaArthouse;224;155221;;
24.07.14;The Raid 2;Studiocanal;no;18;ActionAdventure;98;15605;44675;29333
31.07.14;22 Jump Street;Sony Pictures Releasing;no;12;Comedy;536;382137;1486263;430620
31.07.14;Die geliebten Schwestern;Senator;no;6;DramaArthouse;76;24439;241275;25796
31.07.14;Eyjafjallajökull - Der unaussprechliche Vulkanfilm;Universum Film;no;6;Comedy;184;20795;84605;31548
31.07.14;Jersey Boys;Warner Bros.;no;6;DramaArthouse;101;5638;20733;5043
31.07.14;The Purge: Anarchy;Universal Pictures;no;16;Horror;323;158844;497454;133280
07.08.14;Ab durch den Dschungel;Splendid;yes;0;Animation;155;9768;36335;
07.08.14;Ein Augenblick Liebe;Alamode Film;no;0;DramaArthouse;95;15664;80953;13290
07.08.14;Planet der Affen - Revolution;20th Century Fox;no;12;ActionAdventure;636;379511;1313071;437565
07.08.14;Step Up: All In;Constantin Film;yes;0;TeenagerMovie;418;175171;674007;220575
14.08.14;Dido Elizabeth Belle;20th Century Fox;no;6;DramaArthouse;50;2940;6578;
14.08.14;Hectors Reise oder Die Suche nach dem Glück;Wild Bunch;no;12;DramaArthouse;203;60233;239638;
14.08.14;Lucy;Universal Pictures;no;12;ActionAdventure;447;457263;1638057;
14.08.14;Planes 2 - Immer im Einsatz;Walt Disney;yes;0;Animation;504;146153;558451;
14.08.14;Saphirblau;Concorde;yes;6;TeenagerMovie;449;145857;543587;
21.08.14;Besser als nix;NFP;no;12;DramaArthouse;40;4088;17453;
21.08.14;Madame Mallory und der Duft von Curry;Constantin Film;no;0;DramaArthouse;184;76390;527098;
21.08.14;Storm Hunters;Warner Bros.;no;12;ActionAdventure;345;37434;79823;
21.08.14;The Expendables 3;Splendid;no;16;ActionAdventure;516;253400;685788;
21.08.14;When Animals Dream;Prokino;no;16;DramaArthouse;46;2272;14423;
28.08.14;Can a Song Save Your Life?;Studiocanal;no;0;DramaArthouse;210;53037;237315;
28.08.14;Doktorspiele;20th Century Fox;yes;12;TeenagerMovie;406;216650;713472;
28.08.14;Guardians of the Galaxy;Walt Disney;no;12;ActionAdventure;596;463016;1786432;
04.09.14;Another Me - Mein zweites Ich;20th Century Fox;no;12;DramaArthouse;50;1752;8725;5320
04.09.14;Erlöse uns von dem Bösen;Sony Pictures Releasing;no;16;Horror;279;88902;282711;70920
04.09.14;Hercules;Paramount Pictures;no;12;ActionAdventure;399;195539;591927;149125
04.09.14;Lola auf der Erbse;Farbfilm;yes;0;Family;74;4488;37281;7558
04.09.14;Ohne Dich;Camino;no;12;DramaArthouse;28;2249;8898;3900
11.09.14;A Most Wanted Man;Senator;no;6;DramaArthouse;134;57014;272167;34836
11.09.14;Die Biene Maja;Universum Film;yes;0;Animation;510;164516;764291;139100
11.09.14;Katakomben;Universal Pictures;no;16;Thriller;302;100466;330443;78260
11.09.14;Lügen und andere Wahrheiten;Wild Bunch;no;12;DramaArthouse;60;8680;32730;5286
11.09.14;Maps to the Stars;MFA+ Filmdistribution;no;16;Thriller;76;7715;29664;7202
11.09.14;Sex Tape;Sony Pictures Releasing;no;12;Comedy;559;366635;1218295;462460
18.09.14;Gemma Bovery;Prokino;no;6;DramaArthouse;71;6153;14704;6619
18.09.14;Mea Culpa - Im Auge des Verbrechens;20th Century Fox;no;16;DramaArthouse;52;700;3167;3167
18.09.14;Schoßgebete;Constantin Film;no;16;Comedy;304;26679;53302;65280
18.09.14;Sin City 2: A Dame to Kill For;Splendid;no;18;ActionAdventure;389;78566;240952;181370
18.09.14;Wenn ich bleibe;Warner Bros.;yes;6;TeenagerMovie;228;29107;84868;55290
25.09.14;Der 7bte Zwerg (3D);Universal Pictures;yes;0;Animation;515;54943;408729;125650
25.09.14;Ein Sommer in der Provence;Concorde;no;6;DramaArthouse;92;17469;142105;16957
25.09.14;I Origins - Im Auge des Ursprungs;20th Century Fox;no;12;DramaArthouse;53;1658;9494;7358
25.09.14;Sieben verdammt lange Tage;Warner Bros.;no;12;Comedy;267;23831;58481;48950
25.09.14;Walking on Sunshine;Universum Film;no;0;Comedy;142;11437;33773;26748
25.09.14;Who Am I - Kein System ist sicher;Sony Pictures Releasing;no;12;Thriller;451;167889;746513;215975
02.10.14;Der kleine Nick macht Ferien;Wild Bunch;yes;0;DramaArthouse;255;30631;197627;33610
02.10.14;Dracula Untold;Universal Pictures;no;12;Fantasy;495;236662;650082;153640
02.10.14;Gone Girl - Das perfekte Opfer;20th Century Fox;no;16;Thriller;445;215766;1123840;127284
02.10.14;Hüter der Erinnerung - The Giver;Studiocanal;yes;12;TeenagerMovie;259;41655;117566;60936
02.10.14;Männerhort;Constantin Film;no;12;Comedy;533;277094;1170854;327030
09.10.14;Annabelle;Warner Bros.;no;16;Horror;188;103426;467658;68375
09.10.14;Get On Up;Universal Pictures;no;12;DramaArthouse;157;11044;26647;16000
09.10.14;Mein Freund, der Delfin 2;Warner Bros.;yes;0;Family;269;55390;307158;31175
09.10.14;The Equalizer;Sony Pictures Releasing;no;16;Thriller;420;206720;859496;182750
09.10.14;The Riot Club;Prokino;no;12;DramaArthouse;80;5448;20898;10220
09.10.14;The Salvation;Concorde;no;16;DramaArthouse;80;5568;23870;7203
09.10.14;Wish I Was Here;20th Century Fox;no;6;DramaArthouse;44;6878;35866;10308
16.10.14;Der Richter - Recht oder Ehre;Warner Bros.;no;6;DramaArthouse;150;13485;38948;28175
16.10.14;Die Vampirschwestern 2 - Fledermäuse im Bauch;Sony Pictures Releasing;yes;6;Family;473;113806;615543;187250
16.10.14;Maze Runner - Die Auserwählten im Labyrinth;20th Century Fox;yes;12;TeenagerMovie;407;175668;864592;143550
16.10.14;Teenage Mutant Ninja Turtles;Paramount Pictures;no;12;ActionAdventure;504;259730;851707;208550
16.10.14;The Cut;Pandora;no;12;DramaArthouse;93;22143;91633;21250
16.10.14;Wie in alten Zeiten;Universum Film;no;0;Comedy;180;22934;82717;22575
16.10.14;Winterkartoffelknödel;Constantin Film;no;12;DramaArthouse;132;72811;543891;59250
23.10.14;Am Sonntag bist du tot;Ascot Elite;no;16;DramaArthouse;96;23955;106077;19791
23.10.14;Coming In;Warner Bros.;no;12;Comedy;345;55380;145693;53640
23.10.14;Denk wie ein Mann 2;Sony Pictures Releasing;no;12;Comedy;103;2185;11817;6500
23.10.14;Die Boxtrolls (3D);Universal Pictures;yes;6;Animation;356;35853;144704;38540
23.10.14;Dieses schöne Scheißleben;Senator;no;0;DramaArthouse;20;2260;7081;1174
23.10.14;Hin und weg;Majestic (Fox);no;12;DramaArthouse;183;59671;259462;41122
23.10.14;Northmen - A Viking Saga;Ascot Elite;no;16;ActionAdventure;196;22596;54371;33264
30.10.14;Der kleine Medicus - Bodynauten auf geheimer Mission im Körper;Senator;yes;0;Family;468;40770;150002;51755
30.10.14;Love, Rosie - Für immer vielleicht;Constantin Film;no;6;Comedy;344;106794;425498;131425
30.10.14;Pride;Senator;no;6;DramaArthouse;159;22901;98575;48080
30.10.14;Sex on the Beach 2;Universum Film;yes;12;TeenagerMovie;306;48336;89814;84135
30.10.14;Zombiber;Splendid;no;16;Horror;170;4859;5692;
06.11.14;Das grenzt an Liebe;Senator;no;0;Comedy;180;25566;86025;40338
06.11.14;Den Himmel gibt's echt;Sony Pictures Releasing;no;0;DramaArthouse;102;5383;20929;11075
06.11.14;Im Labyrinth des Schweigens;Universal Pictures;no;12;DramaArthouse;114;35129;238547;23925
06.11.14;Interstellar;Warner Bros.;no;12;ActionAdventure;652;373118;1680887;414400
06.11.14;Plötzlich Gigolo;Concorde;no;0;DramaArthouse;122;24289;100034;34350
13.11.14;Die Mannschaft;Constantin Film;no;0;ActionAdventure;731;358106;915697;326400
13.11.14;Dumm und Dümmehr;Universal Pictures;no;12;Comedy;487;161035;407087;106840
13.11.14;Ich.Darf.Nicht.Schlafen.;Splendid;no;12;Thriller;153;34267;111831;36340
13.11.14;Nightcrawler;Concorde;no;16;Thriller;325;34992;102836;80380
13.11.14;Ruhet in Frieden - A Walk Among the Tombstones;Universum Film;no;16;ActionAdventure;305;122886;434650;91084
13.11.14;Wie schreibt man Liebe?;Constantin Film;no;0;Comedy;269;41036;101749;43384
20.11.14;Die Tribute von Panem - Mockingjay Teil 1;Studiocanal;yes;12;TeenagerMovie;692;1184154;3938535;1212500
20.11.14;Ein Schotte macht noch keinen Sommer;Tobis;no;6;DramaArthouse;59;9926;40613;7685
20.11.14;My Old Lady;Ascot Elite;no;12;DramaArthouse;79;13287;58860;13930
27.11.14;Auf das Leben!;Camino;no;12;DramaArthouse;38;2549;16062;3895
27.11.14;Das Verschwinden der Eleanor Rigby;Prokino;no;6;DramaArthouse;96;5791;16174;14111
27.11.14;Der Koch;Senator;no;12;DramaArthouse;48;4957;22547;10460
27.11.14;Die Pinguine aus Madagascar;20th Century Fox;yes;0;Animation;676;379428;1617791;372000
27.11.14;Kill the Boss 2;Warner Bros.;no;12;Comedy;425;99822;380056;161113
27.11.14;The Zero Theorem;Concorde;no;12;DramaArthouse;49;5290;22067;11688
04.12.14;Alles ist Liebe;Universal Pictures;no;0;Comedy;527;85098;443709;
04.12.14;Dritte Person;Sony Pictures Releasing;no;12;DramaArthouse;101;1627;11124;
04.12.14;Magic in the Moonlight;Warner Bros.;no;0;DramaArthouse;151;40696;213522;
04.12.14;Paddington;Studiocanal;yes;0;Family;537;278014;1963172;
04.12.14;The Drop - Bargeld;20th Century Fox;no;12;Thriller;57;6057;30752;
10.12.14;Der Hobbit: Die Schlacht der fünf Heere;Warner Bros.;no;12;Fantasy;930;1277623;6062095;1250000
11.12.14;#Zeitgeist;Paramount Pictures;no;12;DramaArthouse;116;8826;24122;13325
11.12.14;The Loft;Universum Film;no;16;Thriller;86;19773;181284;7307
18.12.14;Der kleine Drache Kokosnuss;Universum Film;yes;0;Animation;458;108415;797796;100000
18.12.14;Die Wolken von Sils Maria;NFP;no;6;DramaArthouse;51;13879;88814;5338
18.12.14;Nachts im Museum - Das geheimnisvolle Grabmal;20th Century Fox;yes;6;Comedy;579;231219;1098038;215540
18.12.14;Serena;Studiocanal;no;12;DramaArthouse;86;7630;27958;13806
18.12.14;The Homesman;Universum Film;no;16;ActionAdventure;73;13278;76212;8240
25.12.14;Bibi & Tina - Voll verhext!;DCM;yes;0;Family;609;188950;1290125;
25.12.14;Die Entdeckung der Unendlichkeit;Universal Pictures;no;0;DramaArthouse;248;79876;547510;
25.12.14;Exodus: Götter und Könige;20th Century Fox;no;12;ActionAdventure;486;246493;696938;
25.12.14;Honig im Kopf;Warner Bros.;no;6;Comedy;611;678354;7236063;
01.01.15;Die Sprache des Herzens;Concorde;no;6;DramaArthouse;68;10089;45208;
01.01.15;Eine Taube sitzt auf einem Zweig und denkt über das Leben nach;Neue Visionen;no;12;DramaArthouse;71;25563;114207;
01.01.15;Herz aus Stahl;Sony Pictures Releasing;no;16;ActionAdventure;296;155324;363343;
08.01.15;96 Hours - Taken 3;Universum Film;no;16;ActionAdventure;443;389224;1117996;311375
08.01.15;Let's Be Cops - Die Party Bullen;20th Century Fox;no;12;Comedy;359;206588;699094;150683
08.01.15;St. Vincent;polyband;no;6;DramaArthouse;163;28824;93037;41950
08.01.15;The Best of Me - Mein Weg zu dir;Senator;no;12;DramaArthouse;214;48171;136431;57750
08.01.15;Wild Tales - Jeder dreht mal durch!;Prokino;no;12;Comedy;91;31546;186202;9340
15.01.15;Annie;Sony Pictures Releasing;yes;0;Family;403;63012;187773;57019
15.01.15;BROs BEFORE HOs;Wild Bunch;no;16;Comedy;70;4847;4969;2885
15.01.15;Der große Trip - Wild;20th Century Fox;no;12;DramaArthouse;109;46039;253183;34663
15.01.15;Doktor Proktors Pupspulver;Senator;yes;0;Family;151;13093;51595;14165
15.01.15;Frau Müller muss weg;Constantin Film;no;6;Comedy;167;116376;1092688;64103
15.01.15;Schändung;NFP (Warner);no;16;DramaArthouse;100;23273;62037;35825
15.01.15;The Gambler;Paramount Pictures;no;12;Thriller;162;26063;59109;31143
15.01.15;Unbroken;Universal Pictures;no;12;DramaArthouse;363;62650;120145;68675
22.01.15;3 Türken & ein Baby;Wild Bunch;no;12;Comedy;188;50701;205051;49990
22.01.15;Baymax - Riesiges Robowabohu;Walt Disney;no;6;Animation;580;373726;1609693;313450
22.01.15;Fräulein Julie;Alamode Film;no;12;DramaArthouse;45;2320;5851;6878
22.01.15;Mortdecai - Der Teilzeitgauner;Studiocanal;no;6;Comedy;487;125035;321162;178613
22.01.15;Ouija - Spiel nicht mit dem Teufel;Universal Pictures;no;16;Horror;259;122166;341328;60375
22.01.15;The Imitation Game;DCM;no;12;DramaArthouse;170;96556;643294;91325
29.01.15;Birdman oder (die unverhoffte Macht der Ahnungslosigkeit);20th Century Fox;no;12;DramaArthouse;116;66234;516768;68546
29.01.15;Black Sea;Sony Pictures Releasing;no;12;Thriller;109;2107;17487;7050
29.01.15;Da muss Mann durch;Warner Bros.;no;0;Comedy;329;47304;113673;99200
29.01.15;Fünf Freunde 4;Constantin Film;yes;6;Family;560;173706;1023587;231875
29.01.15;John Wick;Studiocanal;no;16;ActionAdventure;304;141537;427555;108300
05.02.15;300 Worte Deutsch;DCM;no;12;Comedy;140;20907;65000;30938
05.02.15;Blackhat;Universal Pictures;no;16;ActionAdventure;345;51815;121406;67050
05.02.15;Foxcatcher;Studiocanal;no;12;DramaArthouse;72;6879;25829;12940
05.02.15;Guten Tag, Ramón;20th Century Fox;no;6;DramaArthouse;52;1596;4835;4505
05.02.15;Jupiter Ascending;Warner Bros.;no;12;ActionAdventure;452;153841;440671;239050
05.02.15;The Interview;Sony Pictures Releasing;no;12;Comedy;356;91746;213895;159800
12.02.15;Fifty Shades of Grey;Universal Pictures;no;16;DramaArthouse;739;1353030;4400588;1154197
12.02.15;Inherent Vice - Natürliche Mängel;Warner Bros.;no;16;Comedy;58;16609;86548;12895
12.02.15;Manolo und das Buch des Lebens;20th Century Fox;yes;6;Animation;52;1427;2882;4055
12.02.15;Sehnsucht nach Paris;Wild Bunch;no;0;DramaArthouse;52;12425;52192;7395
12.02.15;Wild Card;Universum Film;no;16;ActionAdventure;229;48274;118855;54423
19.02.15;Die Frau in Schwarz 2: Engel des Todes;Concorde;no;12;Horror;160;23876;65390;35775
19.02.15;Into the Woods;Walt Disney;yes;6;Family;301;100463;273726;111500
19.02.15;Selma;Studiocanal;no;12;DramaArthouse;110;31052;151694;39375
19.02.15;SpongeBob Schwammkopf 3D;Paramount Pictures;yes;0;Animation;503;484438;1231606;190750
19.02.15;Traumfrauen;Warner Bros.;no;12;Comedy;597;379905;1699157;218500
19.02.15;Whiplash;Sony Pictures Releasing;no;12;DramaArthouse;102;11848;67944;17800
26.02.15;Als wir träumten;Pandora;no;12;DramaArthouse;74;18966;90549;20632
26.02.15;American Sniper;Warner Bros.;no;16;ActionAdventure;333;339426;1221083;278600
26.02.15;Asterix im Land der Götter;Universum Film;yes;0;Animation;435;151454;511519;121240
26.02.15;Heute bin ich Samba;Senator;no;6;DramaArthouse;155;65145;335444;65158
05.03.15;Afrika - Das magische Königreich;Constantin Film;no;0;DramaArthouse;110;8901;47740;12020
05.03.15;Chappie;Sony Pictures Releasing;no;12;ActionAdventure;449;85300;187165;177240
05.03.15;Focus;Warner Bros.;no;12;Comedy;474;137176;373931;133800
05.03.15;Fußball - Großes Spiel mit kleinen Helden;Splendid;yes;0;Animation;173;1608;4437;10952
05.03.15;Project Almanac;Paramount Pictures;no;6;ActionAdventure;159;10117;24695;40980
05.03.15;Seventh Son (3D);Universal Pictures;no;12;Fantasy;271;35360;73438;71260
05.03.15;Still Alice - Mein Leben ohne gestern;polyband;no;0;DramaArthouse;105;42389;361250;61660
05.03.15;Verstehen Sie die Béliers?;Concorde;no;0;DramaArthouse;206;46270;423423;48044
12.03.15;Cinderella;Walt Disney;yes;0;Family;514;274484;1049442;239950
12.03.15;Die Trauzeugen AG;Sony Pictures Releasing;no;12;Comedy;305;52917;122564;67125
12.03.15;Kingsman: The Secret Service;20th Century Fox;no;16;Comedy;536;191405;770956;235490
12.03.15;Leviathan;Wild Bunch;no;12;DramaArthouse;24;6535;32525;6328
19.03.15;3 Herzen;Wild Bunch;no;6;DramaArthouse;41;7625;26715;6222
19.03.15;A Most Violent Year;Universum Film;no;12;DramaArthouse;79;10698;50070;13880
19.03.15;Das ewige Leben;Majestic (Fox);no;12;DramaArthouse;67;26200;161723;20230
19.03.15;Die Bestimmung - Insurgent;Concorde;yes;12;TeenagerMovie;530;157383;561432;239180
19.03.15;Shaun das Schaf;Studiocanal;yes;0;Family;584;317204;1801532;264464
19.03.15;The Boy Next Door;Universal Pictures;no;16;Thriller;277;75983;286453;47775
26.03.15;Der Nanny;Warner Bros.;no;12;Comedy;629;315562;1654677;361540
26.03.15;Home - Ein smektakulärer Trip;20th Century Fox;yes;0;Animation;620;119240;711191;168300
26.03.15;Tod den Hippies - Es lebe der Punk!;X Verleih;no;16;DramaArthouse;76;10065;37429;24180
01.04.15;Fast & Furious 7;Universal Pictures;no;12;ActionAdventure;642;1334183;4156214;1190000
02.04.15;Best Exotic Marigold Hotel 2;20th Century Fox;no;0;DramaArthouse;241;60967;284171;123000
02.04.15;Every Thing Will Be Fine;Warner Bros.;no;6;DramaArthouse;86;13424;47475;18070
02.04.15;Gespensterjäger - Auf eisiger Spur;Warner Bros.;yes;6;Family;458;45783;200098;103700
02.04.15;Mara und der Feuerbringer;Constantin Film;yes;6;TeenagerMovie;322;11917;33021;40750
09.04.15;Cake;Warner Bros.;no;12;DramaArthouse;50;2775;6248;10200
09.04.15;Cobain: Montage of Heck;Arts Alliance;no;12;DramaArthouse;125;16456;16456;10287
09.04.15;Der Kaufhaus Cop 2;Sony Pictures Releasing;no;6;Comedy;486;162222;774046;256607
09.04.15;Die Coopers - Schlimmer geht immer;Walt Disney;yes;0;Family;228;13057;31831;37480
09.04.15;Elser;NFP;no;12;DramaArthouse;153;22520;157557;51917
09.04.15;Halbe Brüder;Universal Pictures;no;12;Comedy;412;82322;262116;156133
09.04.15;The F-Word - Von wegen nur gute Freunde!;Senator;no;6;Comedy;13;886;19582;8660
09.04.15;Winnetous Sohn;Weltkino;yes;0;Family;126;3009;19726;
16.04.15;DessauDancers;Senator;no;0;DramaArthouse;30;1031;7621;3063
16.04.15;Nur eine Stunde Ruhe!;DCM;no;0;DramaArthouse;194;17854;91980;44575
16.04.15;Run All Night;Warner Bros.;no;16;ActionAdventure;377;85495;291944;142050
16.04.15;The Pyramid - Grab des Grauens;20th Century Fox;no;16;Horror;59;5971;29554;15165
16.04.15;Top Five;Paramount Pictures;no;12;Comedy;101;649;15303;4925
23.04.15;Avengers: Age of Ultron;Walt Disney;no;12;ActionAdventure;500;709614;2393475;686600
23.04.15;Big Eyes;Studiocanal;no;0;DramaArthouse;133;22434;122026;32196
23.04.15;Ex Machina;Universal Pictures;no;12;Thriller;92;25702;180223;25602
30.04.15;Die Gärtnerin von Versailles;Tobis;no;6;DramaArthouse;78;35403;233489;19000
30.04.15;Kein Ort ohne dich;20th Century Fox;no;6;DramaArthouse;375;163376;639357;139917
30.04.15;The Gunman;Studiocanal;no;16;ActionAdventure;325;49990;124548;63833
30.04.15;The Voices;Ascot Elite;no;16;Comedy;61;5882;31665;8273
30.04.15;Tinkerbell und die Legende vom Nimmerbiest;Walt Disney;yes;0;Animation;433;171770;550733;115413
07.05.15;Das Versprechen eines Lebens;Universal Pictures;no;12;DramaArthouse;114;12450;31976;18183
07.05.15;Der Babadook;Capelight;no;16;Horror;93;28403;136443;15353
07.05.15;Der Knastcoach;Warner Bros.;no;12;Comedy;54;9352;43329;9667
07.05.15;Die abhandene Welt;Concorde;no;0;DramaArthouse;86;14980;76419;21033
07.05.15;HOT TUB TIME MACHINE 2;Paramount Pictures;no;12;Comedy;103;1878;7879;7667
14.05.15;Mad Max: Fury Road;Warner Bros.;no;16;ActionAdventure;665;229525;846206;332500
14.05.15;Ostwind 2;Constantin Film;yes;0;Family;505;291110;1195446;229630
14.05.15;Pitch Perfect 2;Universal Pictures;yes;6;TeenagerMovie;546;394309;1378704;572750
14.05.15;Zweite Chance;Prokino;no;12;DramaArthouse;73;9572;28069;14098
21.05.15;A World Beyond;Walt Disney;no;12;ActionAdventure;406;106994;327153;138025
21.05.15;Abschussfahrt;Constantin Film;yes;12;TeenagerMovie;302;75167;315305;102910
21.05.15;Die Augen des Engels;Concorde;no;12;DramaArthouse;67;5443;14626;8445
21.05.15;Mädchen im Eis;X Verleih;no;12;DramaArthouse;23;588;1127;1000
21.05.15;Sam O'Cool;Splendid;yes;0;Animation;147;5396;25429;9433
28.05.15;Kiss the Cook;Studiocanal;no;6;DramaArthouse;126;22951;126985;30250
28.05.15;Lost River;Tiberius Film;no;16;Fantasy;63;4444;15162;4849
28.05.15;Poltergeist;20th Century Fox;no;16;Horror;322;125429;388931;84210
28.05.15;San Andreas (3D);Warner Bros.;no;12;ActionAdventure;531;179218;549044;166250
28.05.15;Tracers;Senator;no;12;ActionAdventure;75;2798;19869;6375
04.06.15;Die Frau in Gold;DCM;no;6;DramaArthouse;139;18069;253665;
04.06.15;Kind 44;Concorde;no;16;Thriller;204;13146;67867;
04.06.15;Spy - Susan Cooper Undercover;20th Century Fox;no;12;Comedy;534;119537;603422;
11.06.15;Jurassic World (3D);Universal Pictures;no;12;ActionAdventure;714;903141;4138142;730440
11.06.15;Love & Mercy;Studiocanal;no;6;DramaArthouse;47;5874;48863;5968
11.06.15;Miss Bodyguard;Warner Bros.;no;12;Comedy;354;25380;85115;66640
11.06.15;Rico, Oskar und das Herzgebreche;20th Century Fox;yes;0;Family;465;50114;521098;83200
11.06.15;Victoria;Senator;no;12;DramaArthouse;61;15648;357942;20986
18.06.15;Big Game;Ascot Elite;no;12;ActionAdventure;170;21093;59534;15768
18.06.15;Die Lügen der Sieger;Warner Bros.;no;12;DramaArthouse;66;12889;41504;8129
18.06.15;Trash;Universal Pictures;no;12;DramaArthouse;57;7492;30928;6140
25.06.15;Die Liebe seines Lebens - The Railway Man;Koch Media;no;12;DramaArthouse;90;7633;27092;12965
25.06.15;Strange Magic;Walt Disney;yes;0;Animation;66;4106;5671;4788
25.06.15;Täterätää - Die Kirche bleibt im Dorf 2;Camino;no;0;DramaArthouse;126;16840;135696;60650
25.06.15;Ted 2;Universal Pictures;no;12;Comedy;641;364597;1197039;687125
02.07.15;Insidious: Chapter 3 - Jede Geschichte hat einen Anfang;Sony Pictures Releasing;no;16;Horror;328;57415;304912;105840
02.07.15;Marry Me!;NFP;no;0;DramaArthouse;30;968;6525;3333
02.07.15;Men & Chicken;DCM;no;12;DramaArthouse;75;4685;52835;8732
02.07.15;Minions (3D);Universal Pictures;yes;0;Animation;732;934863;6934366;707660
09.07.15;Big Business - Außer Spesen nichts gewesen;20th Century Fox;no;12;Comedy;50;1509;14374;3375
09.07.15;DUFF - Hast du keine, bist du eine!;Central Film;yes;12;TeenagerMovie;177;37228;179502;36801
09.07.15;Entourage;Warner Bros.;no;12;Comedy;54;3496;9745;5675
09.07.15;Escobar - Paradise Lost;Alamode Film;no;16;DramaArthouse;77;9689;53814;9863
09.07.15;Für immer Adaline;Universum Film;no;6;DramaArthouse;234;32643;128018;64000
09.07.15;It Follows;Weltkino;no;12;Horror;95;8144;26267;22763
09.07.15;Mama gegen Papa - Wer hier verliert, gewinnt;Splendid;no;0;Comedy;113;15487;67963;20495
09.07.15;Terminator: Genisys;Paramount Pictures;no;12;ActionAdventure;554;222940;803008;255250
16.07.15;Am grünen Rand der Welt;20th Century Fox;no;6;DramaArthouse;140;15850;94566;20700
16.07.15;Amy;Prokino;no;0;DramaArthouse;107;14984;112550;17288
16.07.15;Desaster;Studiocanal;no;12;Comedy;90;9274;35408;7150
16.07.15;Heil;X Verleih;no;12;DramaArthouse;71;8178;39280;8025
16.07.15;Unknown User;Universal Pictures;no;12;Horror;278;187640;693466;91350
23.07.15;Ant-Man;Walt Disney;no;12;ActionAdventure;451;140809;543457;170283
23.07.15;Becks letzter Sommer;Wild Bunch;no;12;DramaArthouse;83;6943;21989;8616
23.07.15;Kartoffelsalat;Central Film;yes;12;TeenagerMovie;459;119402;369846;155547
23.07.15;Magic Mike XXL;Warner Bros.;no;12;Comedy;436;203833;1004255;228427
23.07.15;Taxi Teheran;Weltkino;no;0;DramaArthouse;100;28281;202905;23333
30.07.15;Es ist kompliziert..!;Studiocanal;no;12;Comedy;71;10348;54702;9800
30.07.15;Gefühlt Mitte Zwanzig;Universum Film;no;0;DramaArthouse;76;17340;100341;12000
30.07.15;Margos Spuren;20th Century Fox;yes;6;TeenagerMovie;363;79914;355527;138417
30.07.15;Ooops! Die Arche ist weg...;Wild Bunch;yes;0;Family;361;30651;255968;65600
30.07.15;Pixels;Sony Pictures Releasing;no;6;Comedy;640;246521;1088829;206500
30.07.15;Slow West;Prokino;no;12;DramaArthouse;66;10850;52366;6687
30.07.15;The Vatican Tapes;Universum Film;no;16;Horror;103;12889;35098;13500
06.08.15;About A Girl;NFP;yes;12;DramaArthouse;91;6899;44841;13313
06.08.15;Aloha - Die Chance auf Glück;20th Century Fox;no;0;Comedy;1;136;386;
06.08.15;Horns;Universal Pictures;no;16;Thriller;41;2433;15319;5753
06.08.15;Mission: Impossible - Rogue Nation;Paramount Pictures;no;12;ActionAdventure;612;287869;1416462;325568
06.08.15;True Story - Spiel um Macht;20th Century Fox;no;12;Thriller;52;5426;44627;7640
13.08.15;Coconut Hero;Majestic (Fox);yes;12;DramaArthouse;67;6108;30769;5066
13.08.15;Codename U.N.C.L.E.;Warner Bros.;no;12;ActionAdventure;485;68563;232271;110760
13.08.15;Dating Queen;Universal Pictures;no;12;Comedy;476;109603;401449;153020
13.08.15;Fantastic Four;Constantin Film;no;12;ActionAdventure;474;63869;159951;105436
20.08.15;Boy 7;Koch Media;yes;12;TeenagerMovie;118;5084;31373;12505
20.08.15;Broadway Therapy;Wild Bunch;no;0;DramaArthouse;68;11703;59866;11038
20.08.15;Der kleine Rabe Socke 2 - Das große Rennen;Universum Film;yes;0;Family;444;32921;371473;38925
20.08.15;SELF/LESS - Der Fremde in Mir;Concorde;no;12;Thriller;249;26172;100310;50400
20.08.15;Southpaw;Tobis;no;12;DramaArthouse;226;74111;263407;47813
20.08.15;Vacation - Wir sind die Griswolds;Warner Bros.;no;6;Comedy;355;59797;203617;47563
27.08.15;Das Märchen der Märchen;Concorde;no;12;Fantasy;88;5942;24108;12805
27.08.15;Der Chor - Stimmen des Herzens;Universum Film;no;0;DramaArthouse;101;12088;125847;14235
27.08.15;Gallows;Warner Bros.;no;16;Horror;67;13096;41928;12375
27.08.15;Hitman: Agent 47;20th Century Fox;no;16;ActionAdventure;434;84482;265564;109410
27.08.15;Straight Outta Compton;Universal Pictures;no;12;ActionAdventure;343;165028;545689;180800
27.08.15;We Are Your Friends;Studiocanal;no;12;DramaArthouse;208;39756;153899;48795
03.09.15;Die Kleinen und die Bösen;Movienet;no;12;Comedy;62;4474;16693;9640
03.09.15;French Women - Was Frauen wirklich wollen;Alpenrepublik;no;12;DramaArthouse;55;7448;31601;8010
03.09.15;Königin der Wüste;Prokino;no;0;DramaArthouse;158;30581;121655;26850
03.09.15;Ricki - Wie Familie so ist;Sony Pictures Releasing;no;0;Comedy;249;43386;144864;51050
03.09.15;The Transporter Refueled;Universum Film;no;12;ActionAdventure;395;75623;162592;83500
10.09.15;Fack Ju Göhte 2;Constantin Film;yes;12;Comedy;830;2115200;7639878;1632500
10.09.15;Im Reich der Affen;Walt Disney;no;0;DramaArthouse;56;1284;2886;4946
10.09.15;Kill the Messenger;Universal Pictures;no;12;Thriller;51;5355;29128;4750
10.09.15;Knight of Cups;Studiocanal;no;6;DramaArthouse;39;4947;18767;7053
17.09.15;Captive;Paramount Pictures;no;12;Thriller;106;3187;4656;5900
17.09.15;Everest (3D);Universal Pictures;no;12;ActionAdventure;475;199446;816519;186450
17.09.15;Ich und Kaminski;X Verleih;no;6;DramaArthouse;107;27706;123380;20475
17.09.15;Sinister 2;Wild Bunch;no;16;Horror;243;74449;225657;86713
17.09.15;The D Train;Sony Pictures Releasing;no;16;Comedy;101;667;11929;4025
24.09.15;Der Vater meiner besten Freundin;Weltkino;no;12;DramaArthouse;117;7838;22627;20652
24.09.15;Life;Universum Film;no;0;DramaArthouse;66;6115;25034;8810
24.09.15;Man lernt nie aus;Warner Bros.;no;0;Comedy;528;122919;562632;209000
24.09.15;Maze Runner - Die Auserwählten in der Brandwüste;20th Century Fox;yes;12;TeenagerMovie;516;158261;511122;292260
24.09.15;Schmidts Katze;MFA+ Filmdistribution;no;12;Comedy;41;1982;5402;6280
24.09.15;The Visit;Universal Pictures;no;12;Horror;362;136535;524785;104560
01.10.15;A Royal Night - Ein königliches Vergnügen;Concorde;no;6;DramaArthouse;97;4938;17678;11447
01.10.15;Alles steht Kopf;Walt Disney;yes;0;Animation;585;642123;3435362;400125
01.10.15;Der Staat gegen Fritz Bauer;Alamode Film;no;12;DramaArthouse;104;28877;257769;18480
01.10.15;MAX;Warner Bros.;no;0;DramaArthouse;52;1389;2283;2983
01.10.15;Regression;Tobis;no;16;Thriller;105;27366;56682;15050
01.10.15;Sicario;Studiocanal;no;16;ActionAdventure;302;89151;294816;79463
08.10.15;Der Marsianer - Rettet Mark Watney;20th Century Fox;no;12;ActionAdventure;566;298611;1348197;401490
08.10.15;Er ist wieder da;Constantin Film;no;12;Comedy;401;359769;2409094;206420
08.10.15;Pan;Warner Bros.;no;12;ActionAdventure;485;64636;164000;78645
08.10.15;The Program - Um jeden Preis;Studiocanal;no;0;DramaArthouse;83;6905;29290;11412
15.10.15;American Ultra;Concorde;no;16;ActionAdventure;239;31343;87676;52250
15.10.15;Black Mass;Warner Bros.;no;16;Thriller;200;70966;215278;48500
15.10.15;Crimson Peak;Universal Pictures;no;16;Horror;365;81795;215959;114638
15.10.15;Hotel Transsilvanien 2;Sony Pictures Releasing;yes;6;Family;621;362059;1621029;266925
15.10.15;Kleine Ziege, sturer Bock;Majestic (Fox);no;0;Comedy;86;4782;12762;7770
15.10.15;Picknick mit Bären;Alamode Film;no;0;Comedy;112;28378;194790;20950
22.10.15;A Perfect Day;Warner Bros.;no;12;DramaArthouse;95;11989;41963;
22.10.15;Malala - Ihr Recht auf Bildung;20th Century Fox;no;12;DramaArthouse;76;3465;39544;
22.10.15;Paranormal Activity: Ghost Dimension;Paramount Pictures;no;16;Horror;315;161393;508286;
22.10.15;The Last Witch Hunter;Concorde;no;12;Fantasy;430;120364;395915;
22.10.15;The Walk;Sony Pictures Releasing;no;6;DramaArthouse;323;26035;78299;
29.10.15;8 Sekunden - Ein Augenblick Unendlichkeit;Warner Bros.;no;12;DramaArthouse;53;3856;7393;3785
29.10.15;Der letzte Wolf;Wild Bunch;no;12;DramaArthouse;103;12643;46060;16058
29.10.15;Macbeth;Studiocanal;no;12;DramaArthouse;81;19870;108740;23483
29.10.15;Macho Man;Universum Film;no;6;Comedy;269;41865;112547;39000
29.10.15;Madame Marguerite oder die Kunst der schiefen Töne;Concorde;no;12;DramaArthouse;87;10328;37354;10833
29.10.15;V8 - Die Rache der Nitros;Universal Pictures;yes;0;Family;111;2005;4897;7650
05.11.15;Ritter Trenk;Universum Film;yes;0;Family;400;34771;151448;
05.11.15;Spectre;Sony Pictures Releasing;no;12;ActionAdventure;857;1681087;7045948;
12.11.15;Die Trapp Familie;Concorde;no;6;DramaArthouse;105;2521;5846;10540
12.11.15;Erinnerungen an Marnie;Universum Film;yes;0;Family;44;7368;19438;3536
12.11.15;Irrational Man;Warner Bros.;no;12;DramaArthouse;135;36148;165357;34810
12.11.15;Scouts vs. Zombies - Handbuch zur Zombie-Apokalypse;Paramount Pictures;no;16;Horror;182;30206;65652;39940
12.11.15;Steve Jobs;Universal Pictures;no;6;DramaArthouse;268;53177;152896;75430
19.11.15;Die Tribute von Panem - Mockingjay Teil 2;Studiocanal;yes;12;TeenagerMovie;661;1143332;4081536;1192200
19.11.15;Ich und Earl und das Mädchen;20th Century Fox;no;6;DramaArthouse;54;2176;22326;5500
19.11.15;Stonewall;Warner Bros.;no;12;DramaArthouse;56;2672;6683;6306
19.11.15;Umrika;Ascot Elite;no;6;DramaArthouse;35;1283;4495;2363
26.11.15;Arlo & Spot;Walt Disney;yes;6;Animation;523;156143;734098;159485
26.11.15;Bridge of Spies - Der Unterhändler;20th Century Fox;no;12;Thriller;446;87020;408866;102405
26.11.15;Die Highligen drei Könige;Sony Pictures Releasing;no;16;Comedy;214;36596;136359;46085
26.11.15;Ewige Jugend;Wild Bunch;no;6;DramaArthouse;71;26479;233993;14273
26.11.15;Highway to Hellas;Warner Bros.;no;6;Comedy;249;26016;81510;26250
26.11.15;The Gift;Paramount Pictures;no;12;Thriller;102;9910;41246;18660
03.12.15;4 Könige;Port-au-Prince;no;12;DramaArthouse;44;4965;27702;4580
03.12.15;Alle Jahre wieder - Weihnachten mit den Coopers;Studiocanal;no;0;Comedy;226;40883;203171;33058
03.12.15;Das brandneue Testament;NFP;no;12;DramaArthouse;71;29650;370648;15363
03.12.15;Im Herzen der See;Warner Bros.;no;12;ActionAdventure;416;38298;95792;68025
03.12.15;Im Rausch der Sterne;Wild Bunch;no;6;DramaArthouse;140;12471;56238;26263
03.12.15;Krampus;Universal Pictures;no;16;Horror;303;68408;259590;99750
03.12.15;The Perfect Guy;Sony Pictures Releasing;no;16;Thriller;110;2028;11519;3109
03.12.15;Wie auf Erden;Prokino;no;6;DramaArthouse;107;9142;51924;15463
10.12.15;By the Sea;Universal Pictures;no;12;DramaArthouse;140;5953;10159;17300
10.12.15;Dark Places - Gefährliche Erinnerung;Concorde;no;16;DramaArthouse;15;1142;12936;5024
10.12.15;Der kleine Prinz;Warner Bros.;yes;0;Family;573;57173;307842;108520
10.12.15;Heidi;Studiocanal;yes;0;Family;585;147885;1212857;176700
10.12.15;Knock Knock;Universum Film;no;16;Thriller;142;21304;96213;26536
10.12.15;Mistress America;20th Century Fox;no;6;Comedy;52;3392;11469;7208
17.12.15;Carol;DCM;no;6;DramaArthouse;100;33623;;30125
17.12.15;Hilfe, ich hab meine Lehrerin geschrumpft;Sony Pictures Releasing;yes;0;Family;423;123338;1090209;105425
17.12.15;Madame Bovary;Warner Bros.;no;6;DramaArthouse;51;1767;6063;3951
17.12.15;Star Wars: Das Erwachen der Macht;Walt Disney;no;12;ActionAdventure;813;2138869;8972108;2384875
23.12.15;Die Peanuts - Der Film;20th Century Fox;yes;0;Animation;638;204779;1188332;
24.12.15;Bruder vor Luder;Constantin Film;yes;6;TeenagerMovie;244;53815;372519;
24.12.15;Ich bin dann mal weg;Warner Bros.;no;0;DramaArthouse;625;261858;;
24.12.15;Mr. Holmes;Alamode Film;no;0;DramaArthouse;100;14100;86456;
31.12.15;Die Vorsehung;Concorde;no;16;Thriller;217;60043;161113;
31.12.15;Jane got a Gun;Universum Film;no;12;ActionAdventure;80;5178;26981;
31.12.15;Joy - Alles außer gewöhnlich;20th Century Fox;no;12;DramaArthouse;332;95627;268581;
07.01.16;Legend;Studiocanal;no;16;ActionAdventure;199;59392;159233;68250
07.01.16;The Danish Girl;Universal Pictures;no;6;DramaArthouse;166;68540;380338;78825
07.01.16;The Revenant - Der Rückkehrer;20th Century Fox;no;16;ActionAdventure;402;380349;;230063
07.01.16;Unfriend;Warner Bros.;no;16;Horror;302;101568;263524;55875
14.01.16;Creed - Rocky's Legacy;Warner Bros.;no;12;ActionAdventure;326;142033;339804;115350
14.01.16;Die 5. Welle;Sony Pictures Releasing;no;12;ActionAdventure;459;130359;392804;160788
14.01.16;Die dunkle Seite des Mondes;Alamode Film;no;12;Thriller;92;17977;110461;15438
14.01.16;Die Winzlinge - Operation Zuckerdose;Pandastorm;yes;0;Family;121;17058;86635;11375
14.01.16;Gut zu Vögeln;Constantin Film;no;12;Comedy;284;55793;178719;63450
14.01.16;Mademoiselle Hanna und die Kunst Nein zu sagen;X Verleih;no;12;Comedy;47;7007;32681;6075
14.01.16;Suite française - Melodie der Liebe;Universum Film;no;12;DramaArthouse;56;4148;16243;3958
14.01.16;The Big Short;Paramount Pictures;no;6;DramaArthouse;280;79749;387826;63725
21.01.16;Anomalisa;Paramount Pictures;no;12;Animation;62;7015;33360;5100
21.01.16;Bibi & Tina - Mädchen gegen Jungs;DCM;yes;0;Family;660;374187;;248375
21.01.16;Boulevard;Pro-Fun;no;12;DramaArthouse;12;526;1325;1025
21.01.16;Brooklyn - Eine Liebe zwischen zwei Welten;20th Century Fox;no;0;DramaArthouse;95;24517;;20200
21.01.16;Daddy's Home;Paramount Pictures;no;6;Comedy;294;78060;224562;53800
21.01.16;Die Wahlkämpferin;Warner Bros.;no;12;DramaArthouse;69;2489;4256;6538
21.01.16;Point Break;Concorde;no;12;ActionAdventure;402;40812;100069;67875
21.01.16;Ride Along: Next Level Miami;Universal Pictures;no;12;Comedy;382;137495;425749;100700
21.01.16;Valley of Love - Tal der Liebe;Concorde;no;0;DramaArthouse;50;5145;17904;7570
28.01.16;Alvin und die Chipmunks: Road Chip;20th Century Fox;yes;0;Animation;606;232727;902012;158290
28.01.16;Dope;Sony Pictures Releasing;no;16;DramaArthouse;102;1663;11820;4050
28.01.16;Ein Atem;Wild Bunch;no;12;DramaArthouse;58;3093;9267;4740
28.01.16;The Hateful 8;Universum Film;no;16;ActionAdventure;577;312673;1245213;478145
28.01.16;Wie Brüder im Wind;Warner Bros.;yes;6;Family;172;11659;58267;17711
04.02.16;Gänsehaut (3D);Sony Pictures Releasing;no;12;Fantasy;547;87260;263734;100760
04.02.16;Robinson Crusoe;Studiocanal;yes;0;Family;510;129519;651844;135125
04.02.16;Suffragette;Concorde;no;12;DramaArthouse;127;39104;272651;42898
04.02.16;The Forest;Splendid;no;16;Horror;117;51118;173316;31458
04.02.16;TIL SCHWEIGER - der KINO-TATORT: OFF DUTY;Warner Bros.;no;16;ActionAdventure;503;109137;277256;115718
11.02.16;69 Tage Hoffnung;Warner Bros.;no;12;DramaArthouse;51;1048;2022;3533
11.02.16;Deadpool;20th Century Fox;no;16;ActionAdventure;523;713887;;307333
11.02.16;Die wilden Kerle - Die Legende lebt;Walt Disney;yes;0;Family;557;165112;517343;211333
11.02.16;Dirty Grandpa;Constantin Film;no;12;Comedy;400;281609;1332292;178667
11.02.16;Sisters;Universal Pictures;no;12;Comedy;351;77824;180283;78667
18.02.16;Colonia Dignidad - Es gibt kein Zurück;Majestic (Fox);no;16;DramaArthouse;284;63833;249934;
18.02.16;Die Hüterin der Wahrheit - Dinas Bestimmung;polyband;yes;12;Family;86;2610;4012;
18.02.16;Erschütternde Wahrheit;Sony Pictures Releasing;no;12;DramaArthouse;252;30124;78948;
18.02.16;Hail, Caesar!;Universal Pictures;no;0;Comedy;146;101037;435885;
18.02.16;Midnight Special;Warner Bros.;no;12;Thriller;60;1601;3853;
18.02.16;The Boy;Central Film;no;12;Horror;190;62952;283285;
18.02.16;Zoolander 2;Paramount Pictures;no;12;Comedy;405;40047;70316;
25.02.16;Der geilste Tag;Warner Bros.;no;12;Comedy;650;342733;1657647;448440
25.02.16;Freunde fürs Leben;Ascot Elite;no;0;DramaArthouse;80;9670;36568;10480
25.02.16;Spotlight;Paramount Pictures;no;0;Thriller;140;36538;;32920
25.02.16;Where to Invade Next;Falcom;no;12;DramaArthouse;131;6302;13856;11214
03.03.16;13 Hours: The Secret Soldiers of Benghazi;Paramount Pictures;no;16;ActionAdventure;248;29670;71082;33756
03.03.16;Das Tagebuch der Anne Frank;Universal Pictures;no;12;DramaArthouse;516;80412;;187440
03.03.16;El Clan;Prokino;no;16;DramaArthouse;74;8173;30968;6167
03.03.16;Zoomania;Walt Disney;yes;0;Family;636;690464;;468060
10.03.16;Der Spion und sein Bruder;Sony Pictures Releasing;no;12;Comedy;395;60661;135047;70530
10.03.16;Grüße aus Fukushima;Majestic (Fox);no;12;DramaArthouse;82;14687;75863;18392
10.03.16;London Has Fallen;Universum Film;no;16;ActionAdventure;292;91578;389627;123760
10.03.16;Son of Saul;Sony Pictures Releasing;no;16;DramaArthouse;29;1851;8070;3848
10.03.16;The Choice - Bis zum letzten Tag;Wild Bunch;no;6;DramaArthouse;274;37615;131486;52948
10.03.16;Trumbo;Paramount Pictures;no;6;DramaArthouse;103;6403;33081;12664
10.03.16;Unsere Wildnis;Universum Film;no;0;DramaArthouse;115;5242;17572;13025
17.03.16;Auferstanden;Sony Pictures Releasing;no;12;DramaArthouse;110;4442;25155;
17.03.16;Die Bestimmung - Allegiant;Concorde;yes;12;TeenagerMovie;494;111656;441619;
17.03.16;Kung Fu Panda 3;20th Century Fox;yes;0;Animation;691;171125;;
17.03.16;Lolo - Drei ist einer zu viel;NFP (Warner);no;6;Comedy;122;9104;33264;
17.03.16;Raum;Universal Pictures;no;12;DramaArthouse;91;19027;100756;
24.03.16;Batman v Superman: Dawn of Justice;Warner Bros.;no;12;ActionAdventure;657;554890;1526493;517052
24.03.16;Mein ein, mein alles;Studiocanal;no;12;DramaArthouse;66;11225;;12207
24.03.16;My Big Fat Greek Wedding 2;Universal Pictures;no;0;Comedy;431;62093;151510;92067
24.03.16;Rock the Kasbah;Splendid;no;12;Comedy;58;6953;13153;10300
24.03.16;Schellen-Ursli;DCM;yes;0;Family;70;2590;10202;3073
24.03.16;Sex & Crime;Camino;no;12;Comedy;48;2316;6563;5858
31.03.16;10 Cloverfield Lane;Paramount Pictures;no;16;Thriller;361;59160;190514;
31.03.16;Criminal Activities;Tiberius Film;no;16;Thriller;86;4313;22832;
31.03.16;Eddie the Eagle - Alles ist möglich;20th Century Fox;no;0;DramaArthouse;424;57660;205111;
31.03.16;Familie zu vermieten;Studiocanal;no;0;Comedy;52;4487;17690;
31.03.16;Im Himmel trägt man hohe Schuhe;Neue Visionen;no;6;DramaArthouse;120;11789;;
31.03.16;The Finest Hours;Walt Disney;no;12;ActionAdventure;57;2564;18857;
07.04.16;Ein Mann namens Ove;Concorde;no;12;Comedy;140;51752;;
07.04.16;Freeheld - Jede Liebe ist gleich;Universum Film;no;6;DramaArthouse;75;5004;18483;
07.04.16;How To Be Single;Warner Bros.;no;12;Comedy;377;206605;;
07.04.16;The Huntsman & The Ice Queen;Universal Pictures;no;12;ActionAdventure;595;131888;408559;
14.04.16;A War;Studiocanal;no;12;DramaArthouse;43;2033;5366;5340
14.04.16;Hardcore;Capelight;no;18;ActionAdventure;204;28681;86228;41080
14.04.16;The Jungle Book;Walt Disney;yes;6;ActionAdventure;659;460078;;460000
14.04.16;The Lady in the Van;Sony Pictures Releasing;no;6;DramaArthouse;115;13842;;29720
21.04.16;Gods of Egypt;Concorde;no;12;ActionAdventure;410;56169;123406;
21.04.16;The Boss;Universal Pictures;no;12;Comedy;496;80655;198575;
21.04.16;Visions;Warner Bros.;no;16;Horror;70;9728;25487;
28.04.16;Bauernopfer - Spiel der Könige;Studiocanal;no;6;DramaArthouse;51;4369;;3949
28.04.16;Ein Hologramm für den König;X Verleih;no;6;DramaArthouse;312;51034;;48363
28.04.16;Ratchet & Clank;Constantin Film;yes;6;Animation;120;6614;14365;17675
28.04.16;Rico, Oskar und der Diebstahlstein;20th Century Fox;yes;0;Family;482;62509;;65283
28.04.16;The First Avenger: Civil War;Walt Disney;no;12;ActionAdventure;615;545288;;546313
05.05.16;A Bigger Splash;Studiocanal;no;12;DramaArthouse;93;10260;;7990
05.05.16;Bad Neighbors 2;Universal Pictures;no;12;Comedy;524;152533;;413500
05.05.16;Triple 9;Wild Bunch;no;16;Thriller;177;15056;77435;43773
12.05.16;Angry Birds - Der Film;Sony Pictures Releasing;no;0;Animation;679;329951;;313120
12.05.16;Der junge Messias;Concorde;no;12;DramaArthouse;46;1366;2034;4133
12.05.16;Die Poesie des Unendlichen;Wild Bunch;no;6;DramaArthouse;67;11308;;5775
12.05.16;Mängelexemplar;X Verleih;no;12;Comedy;131;14858;;18115
12.05.16;Victor Frankenstein - Genie und Wahnsinn;20th Century Fox;no;16;Horror;51;3826;21902;9393
12.05.16;Wie Männer über Frauen reden;NFP (Warner);no;12;Comedy;292;40090;105214;39255
19.05.16;Monsieur Chocolat;DCM;no;12;DramaArthouse;93;10337;;17538
19.05.16;Nur Fliegen ist schöner;Prokino;no;0;DramaArthouse;55;8077;55558;7450
19.05.16;The Witch;Universal Pictures;no;16;Horror;172;29313;91258;36875
19.05.16;X-Men: Apocalypse;20th Century Fox;no;12;ActionAdventure;630;213229;;299750
26.05.16;Alice im Wunderland: Hinter den Spiegeln;Walt Disney;no;6;Fantasy;530;199376;;334000
26.05.16;Money Monster;Sony Pictures Releasing;no;12;DramaArthouse;425;110073;;143500
26.05.16;Sing Street;Studiocanal;no;6;DramaArthouse;90;10096;;9483
26.05.16;Warcraft: The Beginning;Universal Pictures;no;12;ActionAdventure;603;440830;;284000
02.06.16;Der Moment der Wahrheit;Universum Film;no;0;DramaArthouse;69;6204;;8457
02.06.16;Doktor Proktors Zeitbadewanne;Wild Bunch;no;6;Family;52;1430;;4545
02.06.16;Everybody Wants Some!!;Constantin Film;no;12;Comedy;79;1598;;11730
02.06.16;Green Room;Universum Film;no;18;Horror;91;5679;;12245
02.06.16;Seitenwechsel;Warner Bros.;no;12;Comedy;200;16220;;23500
02.06.16;The Nice Guys;Concorde;no;16;Thriller;485;78910;;179325
02.06.16;The Other Side of the Door;20th Century Fox;no;16;Horror;54;6277;;6278
02.06.16;Vor der Morgenröte;X Verleih;no;0;DramaArthouse;57;23590;;13925
02.06.16;Whiskey Tango Foxtrot;Paramount Pictures;no;12;Comedy;105;5185;;8975
09.06.16;Einmal Mond und zurück;Paramount Pictures;yes;0;Animation;316;27518;;22238
09.06.16;Erlösung;NFP;no;16;Thriller;127;18548;;31958
09.06.16;Himmelskind;Sony Pictures Releasing;no;6;DramaArthouse;103;2671;;4756
09.06.16;Professor Love;Wild Bunch;no;12;Comedy;70;4368;;4654
09.06.16;Sky - Der Himmel in mir;Alamode Film;no;12;DramaArthouse;62;3410;;4449
09.06.16;Stolz und Vorurteil und Zombies;Universum Film;no;16;Horror;173;9573;;27178
09.06.16;Vor ihren Augen;Universal Pictures;no;12;DramaArthouse;106;13659;;7150
16.06.16;Central Intelligence;Universal Pictures;no;12;Comedy;494;231121;;113000
16.06.16;Demolition;20th Century Fox;no;12;DramaArthouse;57;7067;;4020
16.06.16;The Conjuring 2;Warner Bros.;no;16;Horror;337;193201;;103233
23.06.16;Bastille Day;Studiocanal;no;16;ActionAdventure;334;28073;;54580
23.06.16;Ein ganzes halbes Jahr;Warner Bros.;no;12;DramaArthouse;509;242020;;357500
23.06.16;The Neon Demon;Koch Media;no;16;Thriller;106;4939;;13000
30.06.16;Caracas, eine Liebe;Weltkino;no;16;DramaArthouse;44;1456;;
30.06.16;High-Rise;DCM;no;16;Thriller;60;4467;;
30.06.16;Ice Age - Kollision voraus!;20th Century Fox;yes;0;Animation;812;443090;;
30.06.16;Ma Ma - Der Ursprung der Liebe;MFA+ Filmdistribution;no;12;DramaArthouse;58;2007;;
30.06.16;Meier Müller Schmidt;Barnsteiner;no;12;Comedy;16;225;;
30.06.16;The Assassin;Delphi Filmverleih;no;12;ActionAdventure;19;1381;;
30.06.16;Väter & Töchter - ein ganzes Leben;SpotOn Distribution;no;12;DramaArthouse;105;2659;;
07.07.16;Argentina;Concorde;no;0;DramaArthouse;18;670;;1665
07.07.16;Ferien;DCM;no;0;Comedy;18;1629;;1653
07.07.16;Liebe Halal;Neue Visionen;no;6;DramaArthouse;72;4006;;5630
07.07.16;Smaragdgrün;Concorde;no;12;TeenagerMovie;496;112699;;130525
07.07.16;Stadtlandliebe;Warner Bros.;no;6;Comedy;195;5161;;14186
07.07.16;Verräter wie wir;Studiocanal;no;16;Thriller;197;17056;;34550
